{
  "r2_score": 0.8743643883800757,
  "mae": 70002.45453242234,
  "rmse": 133058.02686661104,
  "mape": 12.573651015940573,
  "trained_at": "2025-06-02T14:00:41.410704",
  "model_type": "RandomForestRegressor",
  "feature_count": 30
}